[
  {
    "name": "Ai",
    "birthday": "2006-02-05",
    "nationality": "Japan",
    "status": "active",
    "image": "https://kprofiles.com/wp-content/uploads/2025/05/IMG_5903.jpg"
  },
  {
    "name": "Ban Daniel",
    "birthday": "2011-05-03",
    "nationality": "Korean",
    "status": "active",
    "image": "https://kprofiles.com/wp-content/uploads/2025/05/IMG_5900.jpg"
  },
  {
    "name": "Choi Yohan",
    "birthday": "2007-10-11",
    "nationality": "Korean",
    "status": "active",
    "image": "https://kprofiles.com/wp-content/uploads/2025/05/IMG_5915.jpg"
  },
  {
    "name": "Didi",
    "birthday": "2009-08-15",
    "nationality": "Chinese",
    "status": "active",
    "image": "https://kprofiles.com/wp-content/uploads/2025/05/IMG_5895.jpg"
  },
  {
    "name": "Kim Bohyeon",
    "birthday": "2001-05-23",
    "nationality": "Korean",
    "status": "active",
    "image": "https://kprofiles.com/wp-content/uploads/2025/05/IMG_5892.jpg"
  },
  {
    "name": "Hyo",
    "birthday": "2002-02-09",
    "nationality": "Japanese",
    "status": "active",
    "image": "https://kprofiles.com/wp-content/uploads/2025/05/IMG_5919.jpg"
  },
  {
    "name": "Li Zhiwei",
    "birthday": "2002-05-29",
    "nationality": "Chinese",
    "status": "active",
    "image": "https://kprofiles.com/wp-content/uploads/2025/05/IMG_5896.jpg"
  },
  {
    "name": "Jang Won",
    "birthday": "2002-08-03",
    "nationality": "Korean",
    "status": "active",
    "image": "https://kprofiles.com/wp-content/uploads/2025/05/IMG_5913.jpg"
  },
  {
    "name": "Seo Junhyeok",
    "birthday": "2003-04-23",
    "nationality": "Korean",
    "status": "active",
    "image": "https://kprofiles.com/wp-content/uploads/2025/05/IMG_5901.jpg"
  },
  {
    "name": "Lim Jihwan",
    "birthday": "2003-05-24",
    "nationality": "Korean",
    "status": "active",
    "image": "https://kprofiles.com/wp-content/uploads/2025/05/IMG_5912.jpg"
  },
  {
    "name": "Haruto",
    "birthday": "2003-10-10",
    "nationality": "Japanese",
    "status": "active",
    "image": "https://kprofiles.com/wp-content/uploads/2025/05/IMG_5917.jpg"
  },
  {
    "name": "Ikuto",
    "birthday": "2004-01-08",
    "nationality": "Japanese",
    "status": "active",
    "image": "https://kprofiles.com/wp-content/uploads/2025/05/IMG_5911.jpg"
  },
  {
    "name": "Lee Junmyeong",
    "birthday": "2004-03-25",
    "nationality": "Korean",
    "status": "active",
    "image": "https://kprofiles.com/wp-content/uploads/2025/05/IMG_5910.jpg"
  },
  {
    "name": "Hiroto",
    "birthday": "2004-07-23",
    "nationality": "Japanese",
    "status": "active",
    "image": "https://kprofiles.com/wp-content/uploads/2025/05/IMG_5920.jpg"
  },
  {
    "name": "Yang Chengxi",
    "birthday": "2005-02-21",
    "nationality": "Chinese",
    "status": "active",
    "image": "https://kprofiles.com/wp-content/uploads/2025/05/IMG_5904.jpg"
  },
  {
    "name": "Kang Junseong",
    "birthday": "2005-10-10",
    "nationality": "Korean",
    "status": "active",
    "image": "https://kprofiles.com/wp-content/uploads/2025/05/IMG_5891.jpg"
  },
  {
    "name": "Hwang Heewoo",
    "birthday": "2005-10-17",
    "nationality": "Korean",
    "status": "active",
    "image": "https://kprofiles.com/wp-content/uploads/2025/05/IMG_5918.jpg"
  },
  {
    "name": "William",
    "birthday": "2006-01-31",
    "nationality": "Korean-Australian",
    "status": "active",
    "image": "https://kprofiles.com/wp-content/uploads/2025/05/IMG_5906.jpg"
  },
  {
    "name": "Lee Yunsung",
    "birthday": "2006-06-02",
    "nationality": "Korean",
    "status": "active",
    "image": "https://kprofiles.com/wp-content/uploads/2025/05/IMG_5909.jpg"
  },
  {
    "name": "Yang Hyeonbin",
    "birthday": "2006-10-24",
    "nationality": "Korean",
    "status": "active",
    "image": "https://kprofiles.com/wp-content/uploads/2025/05/IMG_5905.jpg"
  },
  {
    "name": "Park Junhyeok",
    "birthday": "2006-10-25",
    "nationality": "Korean",
    "status": "active",
    "image": "https://kprofiles.com/wp-content/uploads/2025/05/IMG_5899.jpg"
  },
  {
    "name": "Jang Huigwang",
    "birthday": "2006-11-19",
    "nationality": "Korean-Vietnamese",
    "status": "active",
    "image": "https://kprofiles.com/wp-content/uploads/2025/05/IMG_5914.jpg"
  },
  {
    "name": "Moon Jaeil",
    "birthday": "2007-01-10",
    "nationality": "Korean",
    "status": "active",
    "image": "https://kprofiles.com/wp-content/uploads/2025/05/IMG_5897.jpg"
  },
  {
    "name": "Kai",
    "birthday": "2007-02-06",
    "nationality": "Japanese-Mexican",
    "status": "active",
    "image": "https://kprofiles.com/wp-content/uploads/2025/05/IMG_5916.jpg"
  },
  {
    "name": "Lee Seongin",
    "birthday": "2008-02-19",
    "nationality": "Korean",
    "status": "active",
    "image": "https://kprofiles.com/wp-content/uploads/2025/05/IMG_5907.jpg"
  },
  {
    "name": "Kim Jeonghoon",
    "birthday": "2008-04-22",
    "nationality": "Korean",
    "status": "active",
    "image": "https://kprofiles.com/wp-content/uploads/2025/05/IMG_5893.jpg"
  },
  {
    "name": "Suthaschai",
    "birthday": "2008-06-12",
    "nationality": "Thai",
    "status": "active",
    "image": "https://kprofiles.com/wp-content/uploads/2025/05/IMG_5902.jpg"
  },
  {
    "name": "Lee Yeontae",
    "birthday": "2009-03-16",
    "nationality": "Korean",
    "status": "active",
    "image": "https://kprofiles.com/wp-content/uploads/2025/05/IMG_5908.jpg"
  },
  {
    "name": "Park Sechan",
    "birthday": "2009-10-16",
    "nationality": "Korean",
    "status": "active",
    "image": "https://kprofiles.com/wp-content/uploads/2025/05/IMG_5898.jpg"
  }
]